Designator,Mid X,Mid Y,Rotation,Layer
ROTARYENCODER_SWITCH_3,170.2594,-44.0531,0.0,top
ROTARYENCODER_SWITCH_2,302.537374,-98.0179,0.0,top
ROTARYENCODER_SWITCH,43.2907,-98.0994,0.0,top
SW1,36.9094,-34.8056,0.0,top
SW10,80.9175,-56.7708,354.0,top
SW11,88.2247,-78.1802,354.0,top
SW12,98.9625,-100.2891,356.0,top
SW13,96.126,-39.3989,351.0,top
SW14,100.4527,-59.3204,351.0,top
SW15,107.5962,-80.73,351.0,top
SW16,125.8951,-102.6383,354.0,top
SW17,115.4974,-41.9494,354.0,top
SW18,119.8247,-61.8703,354.0,top
SW19,126.9675,-83.2797,354.0,top
SW2,39.2907,-53.8556,0.0,top
SW20,146.4469,-84.8119,357.0,top
SW21,134.9761,-43.4817,357.0,top
SW22,139.3032,-63.4035,357.0,top
SW23,160.7344,-65.7619,0.0,top
SW24,179.7844,-65.7619,0.0,top
SW26,201.2157,-63.4035,3.0,top
SW27,194.0719,-84.8119,3.0,top
SW28,214.7083,-102.6383,6.0,top
SW29,205.5495,-43.4817,3.0,top
SW3,41.6719,-75.2869,0.0,top
SW30,220.6941,-61.8703,6.0,top
SW31,213.5513,-83.2797,6.0,top
SW32,241.2646,-100.2891,4.0,top
SW33,225.0282,-41.9494,6.0,top
SW34,240.0662,-59.3204,9.0,top
SW35,232.9226,-80.73,9.0,top
SW36,263.1282,-99.0994,2.0,top
SW37,244.3995,-39.3989,9.0,top
SW38,259.4385,-56.7708,6.0,top
SW39,252.2941,-78.1802,6.0,top
SW40,271.7726,-76.6481,3.0,top
SW41,263.771,-36.8493,6.0,top
SW42,278.9176,-55.2373,3.0,top
SW43,301.2282,-75.2869,0.0,top
SW45,283.2496,-35.3166,3.0,top
SW46,305.9907,-34.8057,0.0,top
SW47,303.6094,-53.8556,0.0,top
SW48,178.1157,-112.7995,180.0,top
SW5,57.2759,-35.3166,357.0,top
SW6,61.6013,-55.2373,357.0,top
SW7,68.7462,-76.6481,357.0,top
SW8,77.3907,-99.0994,358.0,top
SW9,76.7545,-36.8493,354.0,top
